INSERT INTO `cameras` (`id`, `name`) VALUES
(1, 'Canon EOS 70D'),
(2, 'SM-G965F'),
(3, 'Canon EOS 7D Mark II');

INSERT INTO `galleries` (`id`, `displayName`) VALUES
('architecture', 'Architecture'),
('astrophotography', 'Astrophotography'),
('cars', 'Cars'),
('landscape', 'Landscape'),
('photo_manipulation', 'Photo Manipulation'),
('sport', 'Sport');

INSERT INTO `lenses` (`id`, `name`, `displayName`) VALUES
(1, '18-35mm', 'Sigma 18-35mm F1.8 DC HSM | Art 013'),
(2, 'Samsung Galaxy S9+ Rear cameras', 'Samsung Galaxy S9+'),
(3, '50-100mm F1.8 DC HSM | Art 016', 'Sigma 50-00mm F1.8 DC HSM | Art 016'),
(4, 'EF70-200mm f/4L IS USM', 'Canon EF70-200mm f/4L IS USM'),
(5, '18-35mm F1.8 DC HSM | Art 013', 'Sigma 18-35mm F1.8 DC HSM | Art 013'),
(6, '11-20mm', 'Tokina AT-X 11-20mm F2.8 PRO DX'),
(7, 'EF35mm f/2 IS USM', 'Canon EF35mm f/2 IS USM');

INSERT INTO `images` (`id`, `cameraId`, `lenseId`, `iso`, `shutterSpeed`, `aperture`, `focalLength`, `uploadDate`, `galleryId`) VALUES
(86, 1, 1, 100, '1/125s', 'f/10.0', '31mm', '2019-06-24 14:45:55', 'landscape'),
(88, 1, 1, 100, '1/160s', 'f/1.8', '18mm', '2019-06-24 14:49:41', 'cars'),
(90, 1, 3, 100, '1/2000s', 'f/2.8', '70mm', '2019-06-24 14:51:02', 'cars'),
(91, 1, 3, 800, '1/1000s', 'f/2.8', '52mm', '2019-06-24 14:51:05', 'cars'),
(92, 1, 1, 3200, '25/1s', 'f/1.8', '18mm', '2019-06-24 14:52:28', 'astrophotography'),
(93, NULL, NULL, NULL, NULL, NULL, NULL, '2019-06-24 14:54:52', 'photo_manipulation'),
(95, NULL, NULL, NULL, NULL, NULL, NULL, '2019-06-24 14:55:18', 'photo_manipulation'),
(96, NULL, NULL, NULL, NULL, NULL, NULL, '2019-06-24 14:55:19', 'photo_manipulation'),
(100, 1, 1, 100, '1/1000s', 'f/7.1', '18mm', '2019-06-24 14:57:16', 'architecture'),
(101, NULL, NULL, NULL, NULL, NULL, NULL, '2019-06-24 14:59:11', 'photo_manipulation'),
(102, 2, 2, 50, '1/610s', 'f/2.4', '4.3mm', '2019-06-24 15:00:45', 'architecture'),
(107, 3, 4, 100, '1/320s', 'f/4.0', '78mm', '2019-06-24 15:07:46', 'landscape'),
(108, 1, 1, 100, '17/1s', 'f/16.0', '23mm', '2019-06-24 15:07:56', 'landscape'),
(109, 1, 1, 100, '1/200s', 'f/9.0', '35mm', '2019-06-24 15:09:29', 'landscape'),
(110, 1, 1, 100, '20/1s', 'f/16.0', '18mm', '2019-06-24 15:11:15', 'landscape'),
(111, NULL, NULL, NULL, NULL, NULL, NULL, '2019-06-24 15:11:24', 'landscape'),
(112, NULL, NULL, NULL, NULL, NULL, NULL, '2019-06-24 15:11:45', 'landscape'),
(113, 1, 5, 100, '1/200s', 'f/13.0', '19mm', '2019-06-24 15:11:59', 'landscape'),
(114, 1, 1, 100, '1/200s', 'f/6.3', '29mm', '2019-06-24 15:12:11', 'landscape'),
(116, 1, 1, 100, '1/250s', 'f/7.1', '18mm', '2019-06-24 15:16:10', 'landscape'),
(117, 1, 1, 100, '1/200s', 'f/4.0', '18mm', '2019-06-24 15:17:25', 'landscape'),
(118, 1, 1, 100, '1/100s', 'f/4.5', '20mm', '2019-06-24 15:18:29', 'architecture'),
(121, 1, 1, 100, '1/8000s', 'f/1.8', '18mm', '2019-06-24 15:22:57', 'landscape'),
(122, 1, 3, 100, '1/1000s', 'f/1.8', '100mm', '2019-06-24 15:28:42', 'sport'),
(123, 1, 1, 100, '1/30s', 'f/16.0', '35mm', '2019-06-24 15:28:51', 'sport'),
(124, 1, 3, 100, '1/1000s', 'f/1.8', '59mm', '2019-06-24 15:29:11', 'sport'),
(125, 1, 3, 100, '1/800s', 'f/1.8', '83mm', '2019-06-24 15:29:11', 'sport'),
(126, 1, 3, 100, '1/60s', 'f/11.0', '87mm', '2019-06-24 15:29:16', 'sport'),
(127, 1, 3, 100, '1/1250s', 'f/1.8', '100mm', '2019-06-24 15:29:17', 'sport'),
(128, 1, 3, 125, '1/4000s', 'f/1.8', '94mm', '2019-06-24 15:29:50', 'sport'),
(129, 1, 3, 125, '1/4000s', 'f/1.8', '100mm', '2019-06-24 15:29:53', 'sport'),
(130, 1, 3, 100, '1/2000s', 'f/1.8', '78mm', '2019-06-24 15:29:56', 'sport'),
(131, 1, 5, 100, '1/2500s', 'f/1.8', '35mm', '2019-06-24 15:29:58', 'sport'),
(132, 1, 3, 100, '1/6400s', 'f/1.8', '78mm', '2019-06-24 15:30:07', 'sport'),
(133, 1, 5, 320, '1/50s', 'f/9.0', '18mm', '2019-07-11 16:36:20', 'architecture'),
(134, 1, 6, 100, '1/40s', 'f/5.6', '11mm', '2019-07-12 14:48:30', 'architecture'),
(135, 3, 7, 100, '1/80s', 'f/10.0', '35mm', '2019-07-13 13:30:34', 'architecture'),
(136, 1, 5, 100, '1/250s', 'f/9.0', '18mm', '2019-07-14 15:53:08', 'architecture'),
(137, 1, 5, 100, '1/60s', 'f/13.0', '20mm', '2019-07-15 14:23:14', 'architecture'),
(138, 1, 5, 400, '1/160s', 'f/5.6', '28mm', '2019-07-16 15:39:35', 'architecture'),
(140, 1, 5, 100, '1/80s', 'f/11.0', '20mm', '2019-07-17 09:05:07', 'architecture'),
(142, 1, 6, 1250, '1/25s', 'f/9.0', '11mm', '2019-07-18 16:30:15', 'architecture'),
(144, 1, 6, 1600, '1/30s', 'f/10.0', '14mm', '2019-07-19 15:09:59', 'architecture'),
(145, 1, 6, 640, '1/30s', 'f/10.0', '11mm', '2019-07-19 16:37:42', 'architecture'),
(152, 3, 7, 100, '1/320s', 'f/7.1', '35mm', '2019-07-24 12:17:24', 'landscape'),
(153, 1, 5, 100, '1/1000s', 'f/2.8', '18mm', '2019-07-24 12:17:38', 'landscape'),
(154, 1, 5, 100, '1/125s', 'f/10.0', '26mm', '2019-07-24 12:17:48', 'landscape'),
(155, 1, 5, 100, '1/80s', 'f/10.0', '18mm', '2019-07-24 12:17:50', 'landscape'),
(156, 3, 7, 100, '1/500s', 'f/8.0', '35mm', '2019-07-25 16:39:51', 'landscape'),
(157, 3, 7, 100, '1/500s', 'f/9.0', '35mm', '2019-07-25 16:39:56', 'landscape'),
(159, 1, 5, 100, '1/125s', 'f/10.0', '35mm', '2019-09-04 14:33:41', 'landscape'),
(160, 1, 6, 100, '15/1s', 'f/16.0', '11mm', '2019-09-06 13:16:04', 'architecture'),
(161, 1, 3, 100, '3/10s', 'f/16.0', '50mm', '2019-09-07 22:55:18', 'landscape'),
(162, 1, 6, 100, '1/25s', 'f/16.0', '13mm', '2019-09-08 17:41:24', 'landscape'),
(163, 1, 6, 100, '30/1s', 'f/16.0', '13mm', '2019-09-10 09:10:27', 'landscape'),
(164, 1, 6, 100, '1/8s', 'f/16.0', '14mm', '2019-09-10 17:36:49', 'landscape'),
(165, 1, 5, 100, '8/10s', 'f/13.0', '18mm', '2019-09-13 16:58:06', 'landscape');
